﻿<?xml version="1.0" encoding="utf-8" ?>
<hibernate-mapping xmlns="urn:nhibernate-mapping-2.2" assembly="CrudPOCWithNhibernate" namespace="CrudPOCWithNhibernate.Models">
  <class name="TableB" table="TableB">
    <id name="Id" column="Id" type="long">
      <generator class="native" />
    </id>
    <property name="FirstName" />
    <property name="LastName" />
    <property name="Designation" />
    <property name="Status" />
    <property name="CreateDateTime" />
    <property name="UpdateDateTime" />
  </class>
</hibernate-mapping>